global_step,phase,eta,accuracy,loss,recurrent_rate_hz,current_time_ms,run_duration_ms
0,train,2e-07,0.125,0.02831432804683653,29.69323279034565,0.0,24003.0
1,train,2e-07,0.1875,0.0267222183946441,28.2570234276271,24003.0,24003.0
2,train,2e-07,0.125,0.027164202412344428,29.086641947534336,48006.0,24003.0
3,train,2e-07,0.125,0.02675711125704117,29.4840922662445,72009.0,24003.0
4,train,2e-07,0.1875,0.026365824302384547,30.21761168742796,96012.0,24003.0
5,train,2e-07,0.0625,0.026949879218158827,29.354108514213504,120015.0,24003.0
6,train,2e-07,0.1875,0.026529557033077907,27.163271257759448,144018.0,24003.0
7,train,2e-07,0.3125,0.025864639446004426,28.471996555986056,168021.0,24003.0
8,train,2e-07,0.25,0.02568759419812574,29.39077059811968,192024.0,24003.0
9,train,2e-07,0.25,0.026010125661941778,28.196753183629824,216027.0,24003.0
10,train,2e-07,0.0625,0.02632790593953054,27.41018483800636,240030.0,24003.0
11,train,2e-07,0.25,0.025729971217730838,29.58074685108806,264033.0,24003.0
12,train,2e-07,0.125,0.025775623896275572,29.60379952505937,288036.0,24003.0
13,train,2e-07,0.125,0.02589126085626691,29.494924245580414,312039.0,24003.0
14,train,2e-07,0.0625,0.02609814009111392,25.557638628504773,336042.0,24003.0
15,train,2e-07,0.125,0.025903917278424254,28.28896387951506,360045.0,24003.0
16,train,2e-07,0.1875,0.02542223092035878,28.283131275257258,384048.0,24003.0
17,train,2e-07,0.25,0.025309180547363586,26.995792192642586,408051.0,24003.0
18,train,2e-07,0.1875,0.025520535752139053,28.551708814176006,432054.0,24003.0
19,train,2e-07,0.375,0.024953066851076885,28.853060034162393,456057.0,24003.0
20,train,2e-07,0.3125,0.02495014244475626,27.359357858045524,480060.0,24003.0
21,train,2e-07,0.25,0.025155744881195947,28.86694718715716,504063.0,24003.0
22,train,2e-07,0.375,0.02421387359296702,28.140093599411188,528066.0,24003.0
23,train,2e-07,0.375,0.024636557590459504,28.549486869696842,552069.0,24003.0
24,train,2e-07,0.25,0.024726085157444604,26.565290449804884,576072.0,24003.0
25,train,2e-07,0.3125,0.024604571024518247,30.990570623116554,600075.0,24003.0
26,train,2e-07,0.25,0.025030125348129928,25.339888069546863,624078.0,24003.0
27,train,2e-07,0.5,0.023819567938867824,27.723201266508354,648081.0,24003.0
28,train,2e-07,0.25,0.02441029548607149,30.114569012206807,672084.0,24003.0
29,train,2e-07,0.375,0.024661422618343257,28.35867738754878,696087.0,24003.0
30,train,2e-07,0.3125,0.024530726217686427,28.04788290352595,720090.0,24003.0
31,train,2e-07,0.375,0.024485325506652167,26.479745587357137,744093.0,24003.0
32,train,2e-07,0.5,0.023595252497789987,28.04899387576553,768096.0,24003.0
33,train,2e-07,0.375,0.02366789461569098,29.432432057103973,792099.0,24003.0
34,train,2e-07,0.375,0.023128437828397436,29.695732477884707,816102.0,24003.0
35,train,2e-07,0.3125,0.024178342420781363,28.506992181532862,840105.0,24003.0
36,train,2e-07,0.375,0.023984744218215174,27.174658723215153,864108.0,24003.0
37,train,2e-07,0.4375,0.02310876084572827,27.081337055090334,888111.0,24003.0
38,train,2e-07,0.5,0.023433320082350842,27.620991820466887,912114.0,24003.0
39,train,2e-07,0.3125,0.02399458672699488,27.982891027510448,936117.0,24003.0
40,train,2e-07,0.4375,0.023313246646158917,29.475759974447637,960120.0,24003.0
41,train,2e-07,0.5625,0.022961162529265403,28.191198322431916,984123.0,24003.0
42,train,2e-07,0.5,0.02308572066660262,28.761127081337055,1008126.0,24003.0
43,train,2e-07,0.5,0.022946889215115736,28.255634712327627,1032129.0,24003.0
44,train,2e-07,0.375,0.02318362337855097,28.06538071629935,1056132.0,24003.0
45,train,2e-07,0.5625,0.023304741936282937,25.78872085433765,1080135.0,24003.0
46,train,2e-07,0.5625,0.0230260307538136,29.468260911830466,1104138.0,24003.0
47,train,2e-07,0.5,0.023157362498215133,26.395589440208866,1128141.0,24003.0
48,train,2e-07,0.5,0.02287325516555394,28.606146453915482,1152144.0,24003.0
49,train,2e-07,0.5,0.022587041713886515,27.581552305961754,1176147.0,24003.0
50,train,2e-07,0.5625,0.02245095759091448,27.878737380049714,1200150.0,24003.0
51,train,2e-07,0.4375,0.022832466953416283,26.046466413920484,1224153.0,24003.0
52,train,2e-07,0.5,0.023373002870440286,26.22533294449305,1248156.0,24003.0
53,train,2e-07,0.5,0.022466199268541532,26.95329750447861,1272159.0,24003.0
54,train,2e-07,0.625,0.022163210071701314,27.88679192878668,1296162.0,24003.0
55,train,2e-07,0.5,0.021852598402499812,27.983724256690138,1320165.0,24003.0
56,train,2e-07,0.6875,0.022567061682875998,26.630282325820385,1344168.0,24003.0
57,train,2e-07,0.6875,0.022344069005781307,28.614201002652447,1368171.0,24003.0
58,train,2e-07,0.625,0.02170315213430162,27.876515435570553,1392174.0,24003.0
59,train,2e-07,0.4375,0.02314102345404384,26.295879681706452,1416177.0,24003.0
60,train,2e-07,0.6875,0.022088594745209106,28.75418350483967,1440180.0,24003.0
61,train,2e-07,0.625,0.02175506803876095,27.796803177380607,1464183.0,24003.0
62,train,2e-07,0.5625,0.02228268148089122,24.74412920607146,1488186.0,24003.0
63,train,2e-07,0.375,0.022367273225718687,26.916357677512536,1512189.0,24003.0
64,train,2e-07,0.5625,0.022019673266846396,26.548070380091378,1536192.0,24003.0
65,train,2e-07,0.625,0.02183191702132456,28.511158327431293,1560195.0,24003.0
66,train,2e-07,0.75,0.02138583164731349,28.555319473954643,1584198.0,24003.0
67,train,2e-07,0.375,0.021963489388740563,28.780569095529728,1608201.0,24003.0
68,train,2e-07,0.625,0.022228956513522306,26.353372495104775,1632204.0,24003.0
69,train,2e-07,0.6875,0.02202345437646549,26.63000458276049,1656207.0,24003.0
70,train,2e-07,0.5625,0.022037639094842694,28.0801010984738,1680210.0,24003.0
71,train,2e-07,0.6875,0.02104808562373352,27.272702023358192,1704213.0,24003.0
72,train,2e-07,0.4375,0.021619271440595497,27.50572845061034,1728216.0,24003.0
73,train,2e-07,0.6875,0.02124232685546774,27.721257065089084,1752219.0,24003.0
74,train,2e-07,0.75,0.02205978128973988,27.331028065936202,1776222.0,24003.0
75,train,2e-07,0.75,0.020838327139348252,27.397130914191283,1800225.0,24003.0
76,train,2e-07,0.75,0.021242222239011878,26.819425349609077,1824228.0,24003.0
77,train,2e-07,0.625,0.021600127039245447,26.882473024205307,1848231.0,24003.0
78,train,2e-07,0.625,0.021398670692823904,26.40586593342499,1872234.0,24003.0
79,train,2e-07,0.8125,0.021310284204064715,25.743726478634613,1896237.0,24003.0
80,train,2e-07,0.8125,0.020895710861173162,27.72264578038856,1920240.0,24003.0
81,train,2e-07,0.625,0.021378213699421965,26.539460345234623,1944243.0,24003.0
82,train,2e-07,0.8125,0.020772503767899533,26.21366773597745,1968246.0,24003.0
83,train,2e-07,0.6875,0.02143268866317862,26.03257926092572,1992249.0,24003.0
84,train,2e-07,0.6875,0.021286330246346137,27.421016817342274,2016252.0,24003.0
85,train,2e-07,0.8125,0.020349807303368113,27.13827438236887,2040255.0,24003.0
86,train,2e-07,0.6875,0.021102458270654607,25.565693177241734,2064258.0,24003.0
87,train,2e-07,0.625,0.021650730612256076,27.14771764640531,2088261.0,24003.0
88,train,2e-07,0.625,0.020886083758792563,27.684594981182908,2112264.0,24003.0
89,train,2e-07,0.6875,0.020356401629005226,26.10562568567818,2136267.0,24003.0
90,train,2e-07,0.75,0.021323268636611915,26.043966726381424,2160270.0,24003.0
91,train,2e-07,0.75,0.02089658152247238,26.155619436459332,2184273.0,24003.0
92,train,2e-07,0.8125,0.021051139507630753,26.825257953866878,2208276.0,24003.0
93,train,2e-07,0.8125,0.020432542575546213,27.262981016261854,2232279.0,24003.0
94,train,2e-07,0.625,0.02092998229238528,27.40907386576678,2256282.0,24003.0
95,train,2e-07,0.8125,0.019917433168905145,26.785540696301847,2280285.0,24003.0
96,train,2e-07,0.6875,0.020690908380312043,26.820258578788764,2304288.0,24003.0
97,train,2e-07,0.8125,0.020532044271206994,27.182157785832327,2328291.0,24003.0
98,train,2e-07,0.75,0.02024471239774137,26.508075379466455,2352294.0,24003.0
99,train,2e-07,0.6875,0.020866374122014326,28.442000305517368,2376297.0,24003.0
100,train,2e-07,0.625,0.020508962856894068,27.95456123540113,2400300.0,24003.0
101,train,2e-07,0.875,0.019922739419979473,27.241317057590024,2424303.0,24003.0
102,train,2e-07,0.8125,0.02013976180354562,27.028010387590438,2448306.0,24003.0
103,train,2e-07,0.5625,0.02161109813521188,24.259745309614075,2472309.0,24003.0
104,train,2e-07,0.6875,0.021499941803096084,26.072574261550642,2496312.0,24003.0
105,train,2e-07,0.625,0.02040131227418828,25.381549528531156,2520315.0,24003.0
106,train,2e-07,0.8125,0.018991341325005455,27.095501951144996,2544318.0,24003.0
107,train,2e-07,0.8125,0.020143289459686263,26.204502215000904,2568321.0,24003.0
108,train,2e-07,0.875,0.01956527194839003,27.437125914816207,2592324.0,24003.0
109,train,2e-07,0.75,0.02071142608464518,26.21533419433682,2616327.0,24003.0
110,train,2e-07,0.6875,0.020379368030177085,25.660403560666026,2640330.0,24003.0
111,train,2e-07,0.75,0.02028439945524254,27.226318932355678,2664333.0,24003.0
112,train,2e-07,0.6875,0.02036508204119067,27.452957269230236,2688336.0,24003.0
113,train,2e-07,0.8125,0.020434895658543208,27.81069033037537,2712339.0,24003.0
114,train,2e-07,0.875,0.020175064846237507,26.593620241914206,2736342.0,24003.0
115,train,2e-07,0.8125,0.019494244705818512,25.562915746642783,2760345.0,24003.0
116,train,2e-07,0.625,0.02018517146351675,26.388368120651585,2784348.0,24003.0
117,train,2e-07,0.625,0.020144691926419857,26.398366870807816,2808351.0,24003.0
118,train,2e-07,0.75,0.019957928843718005,25.37127303531503,2832354.0,24003.0
119,train,2e-07,0.75,0.019656823455766387,26.511130553125305,2856357.0,24003.0
120,train,2e-07,0.75,0.01896690654243098,27.695426960518823,2880360.0,24003.0
121,train,2e-07,0.875,0.019286238328419816,25.437653626630006,2904363.0,24003.0
122,train,2e-07,0.9375,0.02034074491571687,27.131608548931382,2928366.0,24003.0
123,train,2e-07,0.8125,0.019091526243944917,28.035662208890557,2952369.0,24003.0
124,train,2e-07,0.75,0.01966447372171006,25.806496410170947,2976372.0,24003.0
125,train,2e-07,0.875,0.01949006128814938,29.165798719604496,3000375.0,24003.0
126,train,2e-07,0.75,0.02028973118701216,26.16117429765724,3024378.0,24003.0
127,train,2e-07,0.8125,0.01970604952717346,25.343776472385397,3048381.0,24003.0
128,train,2e-07,0.6875,0.02010534176366725,25.556805399325086,3072384.0,24003.0
129,train,2e-07,0.9375,0.01875759302389922,27.55822188893055,3096387.0,24003.0
130,train,2e-07,0.625,0.0199753514075344,25.15130053187796,3120390.0,24003.0
131,train,2e-07,0.8125,0.019480985181794988,25.18324098376592,3144393.0,24003.0
132,train,2e-07,0.5625,0.02061357051614983,24.805232679248427,3168396.0,24003.0
133,train,2e-07,0.6875,0.02053087545487463,24.129206071463287,3192399.0,24003.0
134,train,2e-07,0.75,0.020718950641585302,24.75579441458707,3216402.0,24003.0
135,train,2e-07,0.875,0.01948774158574776,26.538904859114833,3240405.0,24003.0
136,train,2e-07,0.8125,0.0194050000119239,26.819703092668973,3264408.0,24003.0
137,train,2e-07,0.8125,0.019815035318690048,25.958421863933676,3288411.0,24003.0
138,train,2e-07,0.8125,0.02059884903146926,25.286839145106864,3312414.0,24003.0
139,train,2e-07,0.8125,0.019348771748429916,26.86803038509075,3336417.0,24003.0
140,train,2e-07,0.75,0.020395102058026103,26.363371245261007,3360420.0,24003.0
141,train,2e-07,0.875,0.018446108358167033,26.443638989570747,3384423.0,24003.0
142,train,2e-07,0.8125,0.01910121300890378,27.07578219389243,3408426.0,24003.0
143,train,2e-07,0.75,0.018515880827146884,26.776930661445096,3432429.0,24003.0
144,train,2e-07,0.9375,0.019083368655078398,25.21073754669555,3456432.0,24003.0
145,train,2e-07,0.75,0.01983254522077375,25.471816022997125,3480435.0,24003.0
146,train,2e-07,0.875,0.018371344430975392,26.52473996306017,3504438.0,24003.0
147,train,2e-07,0.625,0.020149223965746893,25.199350081239846,3528441.0,24003.0
148,train,2e-07,0.875,0.01908888973800881,24.93966032023775,3552444.0,24003.0
149,train,2e-07,0.875,0.01898071112556708,26.803038509075254,3576447.0,24003.0
150,train_eval,0.0,0.875,0.018908443193485003,25.584024219194824,3600450.0,24003.0
151,train_eval,0.0,0.8125,0.02060685646590321,25.45515143940341,3624453.0,24003.0
152,train_eval,0.0,0.75,0.018565077411452913,25.808718354650114,3648456.0,24003.0
153,train_eval,0.0,0.8125,0.019828544779960666,24.949659070393977,3672459.0,24003.0
154,train_eval,0.0,0.75,0.019953300482480223,25.552083767306865,3696462.0,24003.0
155,train_eval,0.0,0.8125,0.018213839336635083,26.89663792025997,3720465.0,24003.0
156,val,0.0,0.6875,0.020320839044692725,26.73443597328112,3744468.0,24003.0
157,val,0.0,0.75,0.01968189410460197,27.803191267758198,3768471.0,24003.0
158,val,0.0,0.625,0.020584800633332512,26.38281325945368,3792474.0,24003.0
159,val,0.0,0.625,0.020627910744482624,25.067699870849477,3816477.0,24003.0
160,val,0.0,0.5625,0.020397191913639555,24.94327098001639,3840480.0,24003.0
161,val,0.0,0.5625,0.021138828817549107,26.183671485508757,3864483.0,24003.0
